Fold,R2,MSE,RMSE,MAE
1,-0.5933959060402687,1211.3060714285716,34.80382265540054,28.492857142857144
2,-0.08091948051948039,231.1966666666667,15.205152635428119,13.283333333333331
3,-7.86436142857143,861.8129166666668,29.356650297107585,28.241666666666664
4,-6.928620833333333,792.8620833333333,28.157806791959725,24.15833333333333
5,-0.4043020618556701,1135.1441666666667,33.6919006092958,28.05
