feature,mean_importance,std_importance
TR,0.16027353704376665,0.04806656406372262
OR,0.14169302004447157,0.026890082039756295
TL,0.13253114960628085,0.04464414754785717
FL,0.10841292235973718,0.0344942900837632
PR,0.10585511935038627,0.06185184263393921
CR,0.08983761112123496,0.043044761842954186
CL,0.07823809237675027,0.008872322725749695
PL,0.07541606022752866,0.021431683508114863
OL,0.07102790736455782,0.028383360153064037
FR,0.03671458050528574,0.00923353894784
