feature,mean_importance,std_importance
TL,0.2620982038139924,0.026331175783685108
OR,0.14293728142373738,0.06002906148521057
TR,0.10146331352817577,0.03339091182385051
PR,0.10138781842065867,0.029775958068067505
PL,0.08075359852015683,0.027647760016667054
FL,0.07644267037622882,0.01203194906467657
FR,0.06531191375524467,0.017970172684673845
OL,0.05899450419546861,0.025834616940059372
CL,0.056046807977115885,0.014707403312698932
CR,0.05456388798922096,0.016051669314513885
