feature,mean_importance,std_importance
TL,0.1564134397136055,0.062498511919937175
FL,0.14563630885764697,0.061499132836205936
PR,0.1388928426041299,0.06492127637764977
TR,0.12258940998411634,0.011428155584187149
OL,0.0996879358761136,0.04712927427857933
OR,0.08356735888374572,0.025648037641417074
CL,0.07976220254959644,0.03103046903012074
PL,0.0616063121854457,0.030736762585199313
FR,0.05608643552107047,0.027903746531663505
CR,0.05575775382452945,0.030628483029707953
