feature,mean_importance,std_importance
CL,0.15485548919114234,0.033802772601930986
FR,0.11561961983166676,0.0460466675872743
TR,0.1145539416135996,0.062108351319973804
FL,0.11344437930277777,0.044914771519726365
CR,0.11041248004527555,0.036254705204943664
PR,0.09739025535319248,0.02100975943336119
PL,0.07876829426190858,0.045904151479632435
TL,0.07545308979732245,0.026766098435913363
OL,0.07337832777363516,0.04625980715061074
OR,0.06612412282947934,0.014310416451809043
