feature,mean_importance,std_importance
TL,0.4926534008164275,0.07478357795990115
TR,0.10286816879201499,0.03512137993465398
OR,0.08362180385907415,0.04440022781899296
PL,0.06302192329548198,0.024170031219655906
PR,0.055026895895969784,0.03189653195591764
OL,0.05081860282068447,0.01558762271658182
FL,0.05050154319068321,0.015297925449465167
CL,0.04842817201353751,0.0190083037059572
FR,0.02659062287363831,0.0124344371911546
CR,0.02646886644248826,0.014774249820303976
