Fold,R2,MSE,RMSE,MAE
1,0.0403598086130218,843.2787771461252,29.039262682549726,23.228109376820004
2,-0.01050370673929879,499.36614435886554,22.346501837174998,18.017235871121056
3,-1.2618331289498919,548.4612162900934,23.41924884128638,18.541855598163007
4,0.0684849594308804,213.15615320512222,14.599868259855025,12.041474381636755
5,-0.94658964929238,1664.8067167408772,40.80204304616225,32.470799427154255
