feature,mean_importance,std_importance
OR,0.14798083215145907,0.025366272521464166
TL,0.1416658796528619,0.02660281992302452
TR,0.1351789340174519,0.04312159336661965
PL,0.11250796437772245,0.0353053858578393
PR,0.10119114682977134,0.05345547718863438
CR,0.08838975723789569,0.014125641197723925
FR,0.07273621173659303,0.015300119282326823
FL,0.07018617165968377,0.0224670613441383
CL,0.06620029369857608,0.0117533201005566
OL,0.06396280863798473,0.02019960600322739
