Fold,R2,MSE,RMSE,MAE
1,-0.6458744603853686,1446.303536207483,38.03029760871564,32.8007851880463
2,0.2545833747433591,368.36661123840855,19.19287918052965,15.770574061157605
3,-1.9445604547086397,714.0125360083488,26.721013004905874,22.199039057437187
4,-1.169745562801296,496.49720880302795,22.282217322408197,19.366119399687154
5,-0.2171257594839493,1040.9380016192981,32.26357081321437,27.283825405929075
