feature,mean_importance,std_importance
OR,0.1455302107594672,0.021631333778052635
TL,0.14466943427229537,0.033071318183625735
TR,0.10619402305902152,0.017804034814851225
CR,0.10593180960825876,0.0297037709430553
PR,0.09823149444266346,0.02344752041404009
PL,0.09611891490165574,0.04221153026008577
CL,0.09137888049547713,0.02994463681902597
FL,0.07578990331595677,0.02635540902968798
FR,0.06923689515078293,0.025740306900945448
OL,0.06691843399442117,0.010099420890026911
