feature,mean_importance,std_importance
PR,0.1732463353636599,0.04776730430699754
TR,0.15314626692103955,0.04179822782136968
OL,0.1054960556784595,0.0319988125733875
CL,0.10196502174100641,0.02132509118303543
OR,0.10151204388712917,0.01486514244518663
PL,0.07772860752920166,0.02349441382956577
FL,0.07735961138916922,0.039985962157483394
TL,0.076012349397819,0.01920070671413919
CR,0.07163388350068733,0.007659590390406778
FR,0.061899824591828266,0.029866537054481435
