feature,mean_importance,std_importance
PR,0.1996122652456994,0.07414579947586068
TL,0.1807646321351538,0.07735935332467864
PL,0.1605254438733393,0.12804758136331962
CL,0.09620615952133041,0.04296313864425747
FR,0.07996739069391812,0.03902035533136539
FL,0.0665001477166635,0.014594538200327661
OL,0.06500260765124903,0.04376570989700148
OR,0.05495947420599338,0.004652608861751005
TR,0.04842350707166588,0.012462895270384999
CR,0.04803837188498722,0.01814974508936722
