Fold,R2,MSE,RMSE,MAE
1,-0.5544679194630873,1181.712857142857,34.37605063329494,29.8
2,-1.2939012987012983,490.63999999999993,22.150395030337492,20.099999999999998
3,-7.845024285714285,859.9329166666666,29.32461281358488,27.008333333333336
4,-2.983554166666667,398.3554166666667,19.95884306934314,16.175
5,-0.30695773195876286,1056.4575,32.50319215092573,29.51666666666667
