feature,mean_importance,std_importance
CL,0.1794993996532688,0.04403953971289502
PR,0.16159147770693352,0.07646007634884755
TL,0.15369069499031088,0.06839919903607997
FL,0.14925137718329323,0.05294900472416395
OR,0.08885311876666278,0.028099927275550766
PL,0.0650878104031359,0.030202088493768774
OL,0.05853158407285982,0.008599324072338144
CR,0.05197326596577393,0.018741881796995184
TR,0.047964091484678846,0.007607099012551807
FR,0.04355717977308236,0.011205157818536026
