feature,mean_importance,std_importance
CR,0.13162106575505428,0.03649521932465491
PL,0.12412003764601294,0.04673028103501745
OL,0.11706921257203755,0.10212725252957393
OR,0.11531316553170767,0.04796097614466849
PR,0.11008124347483897,0.0462538100849286
TL,0.10126197082741761,0.04038726733225272
FR,0.08536479479625562,0.03532315716861026
FL,0.07593254375390476,0.018745458397847633
CL,0.07507559192943163,0.016667653587350284
TR,0.06416037371333902,0.016346135612514606
