Fold,R2,MSE,RMSE,MAE
1,-0.6016805349424437,1407.4683563772871,37.516241234661116,34.304622650962116
2,-0.3713640274268464,677.694462990491,26.03256543236742,20.806197628385828
3,-2.9676832806723095,962.1047503985037,31.017813436773775,27.048851539517017
4,-2.1846205063942423,728.7283908442438,26.99496973223426,24.844555756655698
5,-0.426336542884572,1219.864010779261,34.9265516588635,34.063194554672094
