feature,mean_importance,std_importance
FL,0.14268481921842877,0.08849983226268825
CL,0.13508433014710014,0.026884734185337347
TR,0.11708720311720362,0.022908543835821207
PR,0.10115165113864291,0.03244025518271452
PL,0.09975800481331798,0.0461449066221385
OL,0.08799316934802014,0.04260128047031408
TL,0.08276882713508799,0.017791511505467546
FR,0.08050239683752905,0.0322063724635916
OR,0.0771444906997233,0.009822984863284036
CR,0.07582510754494616,0.014110374315758623
