feature,mean_importance,std_importance
PL,0.156438873438733,0.040083407960351154
CR,0.1451265359931616,0.04161278234978311
OL,0.12808244897576873,0.12166939994118649
TL,0.12013228907251594,0.048445913614226475
OR,0.09786755294597158,0.01394758125794604
FL,0.0930031073917043,0.03375600213144717
TR,0.07059050483122878,0.009197100564904349
PR,0.06387193242678889,0.02665269354453476
CL,0.062465857967588176,0.012377890201461992
FR,0.06242089695653906,0.023521488108671943
