Fold,R2,MSE,RMSE,MAE
1,-0.6502161744966442,1254.5010714285713,35.418936621933916,28.221428571428568
2,-1.8189655844155848,602.9454166666668,24.554946887881204,17.724999999999998
3,-3.4082299999999996,428.5779166666667,20.70212348206499,16.808333333333334
4,-5.1547374999999995,615.47375,24.808743418399892,22.058333333333334
5,-0.5502298969072164,1253.1025,35.39918784379099,32.78333333333333
